seed,ticks,herbs,predators,plants,biomass,herb_births,pred_births,herb_deaths,pred_deaths,kills,growth,actions,capacity_blocks
1,8640,73,9,1000,2744,1781,10,0,9,1768,33456,0,0
2,8640,81,7,1000,2744,1848,12,0,13,1827,31065,0,0
3,8640,67,8,1000,2786,1844,10,0,10,1837,30456,0,0
4,8640,72,5,1000,2779,1758,7,0,10,1746,29048,0,0
5,8640,52,10,1000,2815,1893,12,0,10,1901,30112,0,0
6,8640,86,7,1000,2732,1838,12,0,13,1812,29524,0,0
7,8640,85,7,1000,2744,1881,13,0,14,1856,31157,0,0
8,8640,62,10,1000,2761,1691,9,0,7,1689,35109,0,0
9,8640,73,8,1000,2789,1737,17,0,17,1724,31554,0,0
10,8640,60,8,1000,2792,1832,17,0,17,1832,30977,0,0
11,8640,62,3,1000,2821,1649,7,0,12,1647,33683,0,0
12,8640,64,8,1000,2813,1365,6,0,6,1361,36527,0,0
13,8640,88,9,1000,2736,1741,9,0,8,1713,32656,0,0
14,8640,82,9,1000,2729,1865,9,0,8,1843,32044,0,0
15,8640,70,7,1000,2781,1881,6,0,7,1871,31516,0,0
16,8640,58,6,1000,2816,1806,10,0,12,1808,32094,0,0
17,8640,83,7,1000,2758,1555,13,0,14,1532,37028,0,0
18,8640,78,8,1000,2766,1840,6,0,6,1822,33110,0,0
19,8640,83,8,1000,2734,1581,5,0,5,1558,36468,0,0
20,8640,105,5,1000,2692,1597,3,0,6,1552,35571,0,0
